<?xml version="1.0"?>
<!DOCTYPE hibernate-mapping PUBLIC "-//Hibernate/Hibernate Mapping DTD//EN" "http://hibernate.sourceforge.net/hibernate-mapping-3.0.dtd">
<hibernate-mapping package="com.jeecms.bbs.entity">
	<class name="BbsUserExt" table="jb_user_ext">
		<meta attribute="sync-DAO">false</meta>
		<cache usage="read-write"/>
		<id name="id" type="java.lang.Integer" column="user_id">
			<generator class="foreign"><param name="property">user</param></generator>
		</id>
		<property name="realname" column="realname" type="string" not-null="false" length="100"/>
		<property name="gender" column="gender" type="java.lang.Boolean" not-null="false"/>
		<property name="birthday" column="birthday" type="timestamp" not-null="false" length="19"/>
		<property name="intro" column="intro" type="string" not-null="false" length="255"/>
		<property name="comefrom" column="comefrom" type="string" not-null="false" length="150"/>
		<property name="qq" column="qq" type="string" not-null="false" length="100"/>
		<property name="msn" column="msn" type="string" not-null="false" length="100"/>
		<property name="phone" column="phone" type="string" not-null="false" length="50"/>
		<property name="moble" column="moble" type="string" not-null="false" length="50"/>
		<one-to-one name="user" class="BbsUser" constrained="true"/>
	</class>
</hibernate-mapping>