<?xml version="1.0"?>
<!DOCTYPE hibernate-mapping PUBLIC "-//Hibernate/Hibernate Mapping DTD//EN" "http://hibernate.sourceforge.net/hibernate-mapping-3.0.dtd">
<hibernate-mapping package="com.jeecms.cms.entity.assist">
	<class name="CmsFriendlink" table="jc_friendlink">
		<meta attribute="sync-DAO">false</meta>
		<id name="id" type="integer" column="friendlink_id"><generator class="identity"/></id>
		<property name="name" column="site_name" type="string" not-null="true" length="150"/>
		<property name="domain" column="domain" type="string" not-null="true" length="255"/>
		<property name="logo" column="logo" type="string" not-null="false" length="150"/>
		<property name="email" column="email" type="string" not-null="false" length="100"/>
		<property name="description" column="description" type="string" not-null="false" length="255"/>
		<property name="views" column="views" type="integer" not-null="true" length="10"/>
		<property name="priority" column="priority" type="integer" not-null="true" length="10"/>
		<property name="enabled" column="is_enabled" type="java.lang.Boolean" not-null="true" length="1"/>
		<many-to-one name="category" column="friendlinkctg_id" class="CmsFriendlinkCtg" not-null="true"></many-to-one>
		<many-to-one name="site" column="site_id" class="com.jeecms.cms.entity.main.CmsSite" not-null="true"></many-to-one>
	</class>
</hibernate-mapping>