<?xml version="1.0"?>
<!DOCTYPE hibernate-mapping PUBLIC "-//Hibernate/Hibernate Mapping DTD//EN" "http://hibernate.sourceforge.net/hibernate-mapping-3.0.dtd">
<hibernate-mapping package="com.jeecms.cms.entity.assist">
	<class name="CmsGuestbookCtg" table="jc_guestbook_ctg">
		<meta attribute="sync-DAO">false</meta>
		<cache usage="read-write"/>
		<id name="id" type="integer" column="guestbookctg_id"><generator class="identity"/></id>
		<property name="name" column="ctg_name" type="string" not-null="true" length="100"/>
		<property name="priority" column="priority" type="integer" not-null="true" length="10"/>
		<property name="description" column="description" type="string" not-null="false" length="255"/>
		<many-to-one name="site" column="site_id" class="com.jeecms.cms.entity.main.CmsSite" not-null="true"></many-to-one>
	</class>
</hibernate-mapping>