<?xml version="1.0"?>
<!DOCTYPE hibernate-mapping PUBLIC "-//Hibernate/Hibernate Mapping DTD//EN" "http://hibernate.sourceforge.net/hibernate-mapping-3.0.dtd">
<hibernate-mapping package="com.jeecms.cms.entity.assist">
	<class name="CmsVoteItem" table="jc_vote_item">
		<meta attribute="sync-DAO">false</meta>
		<cache usage="read-write"/>
		<id name="id" type="integer" column="voteitem_id"><generator class="identity"/></id>
		<property name="title" column="title" type="string" not-null="true" length="255"/>
		<property name="voteCount" column="vote_count" type="integer" not-null="true" length="10"/>
		<property name="priority" column="priority" type="integer" not-null="true" length="10"/>
		<many-to-one name="topic" column="votetopic_id" class="CmsVoteTopic" not-null="true"></many-to-one>
	</class>
</hibernate-mapping>