<?xml version="1.0"?>
<!DOCTYPE hibernate-mapping PUBLIC "-//Hibernate/Hibernate Mapping DTD//EN" "http://hibernate.sourceforge.net/hibernate-mapping-3.0.dtd">
<hibernate-mapping package="com.jeecms.core.entity">
	<class name="DbFile" table="jo_upload">
		<meta attribute="sync-DAO">false</meta>
		<id name="id" type="string" column="filename"><generator class="assigned"/></id>
		<property name="length" column="length" type="java.lang.Integer" not-null="true" length="19"/>
		<property name="lastModified" column="last_modified" type="java.lang.Long" not-null="true" length="19"/>
		<property name="content" column="content" type="org.springframework.orm.hibernate3.support.BlobByteArrayType" not-null="true"/>
	</class>
</hibernate-mapping>