<?xml version="1.0"?>
<!DOCTYPE hibernate-mapping PUBLIC "-//Hibernate/Hibernate Mapping DTD//EN" "http://hibernate.sourceforge.net/hibernate-mapping-3.0.dtd">
<hibernate-mapping package="com.jeecms.bbs.entity">
	<class name="BbsVoteItem" table="bbs_vote_item">
		<meta attribute="sync-DAO">false</meta>
		<cache usage="read-write"/>
		<id name="id" type="integer" column="item_id"><generator class="identity"/></id>
		<property name="name" type="string" not-null="true"></property>
		<property name="voteCount" column="vote_count" type="integer" not-null="true"></property>
		<many-to-one name="topic" column="topic_id" class="BbsVoteTopic" not-null="true"></many-to-one>
	</class>
</hibernate-mapping>