<?xml version="1.0" encoding="UTF-8"?>
<beans xmlns="http://www.springframework.org/schema/beans" xmlns:mvc="http://www.springframework.org/schema/mvc" xmlns:xsi="http://www.w3.org/2001/XMLSchema-instance" xmlns:p="http://www.springframework.org/schema/p" xmlns:context="http://www.springframework.org/schema/context" xsi:schemaLocation="http://www.springframework.org/schema/beans
      http://www.springframework.org/schema/beans/spring-beans-3.0.xsd
       http://www.springframework.org/schema/context
        http://www.springframework.org/schema/context/spring-context-3.0.xsd
         http://www.springframework.org/schema/mvc
		http://www.springframework.org/schema/mvc/spring-mvc-3.0.xsd">
 <!-- 自动扫描controller包下的所有类，使其认为spring mvc的控制器 -->
 <context:component-scan base-package="jeecg.*"/>
 <context:component-scan base-package="org.jeecgframework.workflow.controller.*"/>
 
 <!-- 避免IE执行AJAX时,返回JSON出现下载文件 -->
 <bean id="mappingJacksonHttpMessageConverter" class="org.springframework.http.converter.json.MappingJacksonHttpMessageConverter">
  <property name="supportedMediaTypes">
   <list>
    <value>text/html;charset=UTF-8</value>
   </list>
  </property>
 </bean>
 <!-- 启动Spring MVC的注解功能，完成请求和注解POJO的映射， 配置一个基于注解的定制的WebBindingInitializer，解决日期转换问题，方法级别的处理器映射 -->
 <bean class="org.springframework.web.servlet.mvc.annotation.AnnotationMethodHandlerAdapter">
  <property name="cacheSeconds" value="0" />
  <property name="messageConverters">
   <list>
    <ref bean="mappingJacksonHttpMessageConverter" /><!-- json转换器 -->
   </list>
  </property>
  <property name="webBindingInitializer">
   <bean class="org.jeecgframework.core.interceptors.MyWebBinding" />
  </property>
 </bean>
 <!-- 默认的视图解析器 在上边的解析错误时使用 (默认使用html)- -->
 <bean id="defaultViewResolver" class="org.springframework.web.servlet.view.InternalResourceViewResolver" p:order="3">
  <property name="viewClass" value="org.springframework.web.servlet.view.JstlView" />
  <property name="contentType" value="text/html" />
  <property name="prefix" value="/webpage/" />
  <property name="suffix" value=".jsp" />
 </bean>
 <bean id="multipartResolver" class="org.springframework.web.multipart.commons.CommonsMultipartResolver" p:defaultEncoding="UTF-8">
  <property name="maxUploadSize">
   <value>104857600</value>
  </property>
  <property name="maxInMemorySize">
   <value>4096</value>
  </property>
 </bean>
  <!-- 方言 -->
  <bean id="dialect" class="org.jeecgframework.core.common.hibernate.dialect.DialectFactoryBean">
   <property name="dbType" value="${jdbc.dbType}"/>
  </bean>
 <!-- 异常处理类 -->
 <bean id="exceptionHandler" class="org.jeecgframework.core.common.exception.MyExceptionHandler" />
 <!-- 模板处理类 -->
 <bean name="templateUtil" class="org.jeecgframework.core.extend.template.TemplateUtil">
  <property name="commonService" ref="commonService"></property>
 </bean>
 <!-- 系统错误转发配置[并记录错误日志]   -->
<bean class="org.springframework.web.servlet.handler.SimpleMappingExceptionResolver">
<property name="defaultErrorView" value="500"></property>   <!-- 默认为500，系统错误(error.jsp)  -->
<property name="defaultStatusCode" value="404"></property>
<property name="statusCodes"><!-- 配置多个statusCode -->
  <props>    
      <prop key="error">500</prop>  <!-- error.jsp -->
      <prop key="error1">404</prop>    <!-- error1.jsp -->
  </props>    
</property>    
<property name="exceptionMappings">
 <props>
  <!-- 这里你可以根据需要定义N多个错误异常转发 -->
  <prop key="java.sql.SQLException">dbError</prop> <!-- 数据库错误(dbError.jsp) -->
  <prop key="org.springframework.web.bind.ServletRequestBindingException">bizError</prop> <!-- 参数绑定错误(如：必须参数没传递)(bizError.jsp) -->
  <prop key="java.lang.IllegalArgumentException">bizError</prop>  <!-- 参数错误(bizError.jsp) -->
  <prop key="org.springframework.validation.BindException">bizError</prop>  <!-- 参数类型有误(bizError.jsp) -->
  <prop key="java.lang.Exception">unknowError</prop>  <!-- 其他错误为'未定义错误'(unknowError.jsp)  -->
 </props>
</property>
</bean>
 <!-- 拦截器 -->
 <mvc:interceptors>
  <mvc:interceptor>
   <mvc:mapping path="/**" />
   <bean class="org.jeecgframework.core.interceptors.EncodingInterceptor" />
  </mvc:interceptor>
  <mvc:interceptor>
   <mvc:mapping path="/**" />
   <bean class="org.jeecgframework.core.interceptors.AuthInterceptor">
   <property name="excludeUrls">
     <list>
      <value>loginController.do?login</value>
      <value>loginController.do?checkuser</value>
      <value>systemController.do?saveFiles</value>
      <value>systemController.do?saveNews</value>
      <value>iconController.do?saveIcon</value>
      <value>userController.do?savesign</value>
      
     </list>
    </property>
    </bean>
  </mvc:interceptor>
 </mvc:interceptors>
</beans>