<?xml version="1.0" encoding="UTF-8"?>
<beans xmlns="http://www.springframework.org/schema/beans" xmlns:xsi="http://www.w3.org/2001/XMLSchema-instance" xsi:schemaLocation="http://www.springframework.org/schema/beans   http://www.springframework.org/schema/beans/spring-beans.xsd">
 <!-- 创建流程引擎配置对象 -->
 <bean id="processEngineConfiguration" class="org.activiti.spring.SpringProcessEngineConfiguration">
  <property name="dataSource" ref="dataSource" />
  <property name="history" value="full"></property>
  <property name="transactionManager" ref="transactionManager" />
  <property name="databaseSchemaUpdate" value="true" />
  <property name="jobExecutorActivate" value="false" />
  <!-- 使用spring的自动资源加载部署方式部署 -->
  <!-- <property name="deploymentResources" value="classpath*:com/renfang/test/*.bpmn20.xml" /> -->
 </bean>
 <!-- 创建流程引擎对象 -->
 <bean id="processEngine" class="org.activiti.spring.ProcessEngineFactoryBean">
  <property name="processEngineConfiguration" ref="processEngineConfiguration" />
 </bean>
 <bean id="repositoryService" factory-bean="processEngine" factory-method="getRepositoryService" />
 <bean id="identityService" factory-bean="processEngine" factory-method="getIdentityService" />
 <bean id="runtimeService" factory-bean="processEngine" factory-method="getRuntimeService" />
 <bean id="taskService" factory-bean="processEngine" factory-method="getTaskService" />
 <bean id="historyService" factory-bean="processEngine" factory-method="getHistoryService" />
 <bean id="managementService" factory-bean="processEngine" factory-method="getManagementService" />
</beans>