<?xml version="1.0"?>
<!DOCTYPE hibernate-mapping PUBLIC "-//Hibernate/Hibernate Mapping DTD//EN" "http://hibernate.sourceforge.net/hibernate-mapping-3.0.dtd">
<hibernate-mapping package="com.jeecms.cms.entity.main">
	<class name="CmsRole" table="jc_role">
		<meta attribute="sync-DAO">false</meta>
		<cache usage="read-write"/>
		<id name="id" type="integer" column="role_id"><generator class="identity"/></id>
		<property name="name" column="role_name" type="string" not-null="true" length="100"/>
		<property name="priority" column="priority" type="integer" not-null="true" length="10"/>
		<property name="super" column="is_super" type="java.lang.Boolean" not-null="true"/>
		<many-to-one name="site" column="site_id" class="CmsSite" not-null="false"></many-to-one>
		<set name="perms" table="jc_role_permission">
			<cache usage="read-write"/>
			<key column="role_id" not-null="true"/>
			<element column="uri" type="string" length="100" not-null="true"/>
		</set>
	</class>
</hibernate-mapping>