<?xml version="1.0"?>
<!DOCTYPE hibernate-mapping PUBLIC "-//Hibernate/Hibernate Mapping DTD//EN" "http://hibernate.sourceforge.net/hibernate-mapping-3.0.dtd">
<hibernate-mapping package="com.jeecms.cms.entity.main">
	<class name="ContentTag" table="jc_content_tag">
		<meta attribute="sync-DAO">false</meta>
		<cache usage="read-write"/>
		<id name="id" type="java.lang.Integer" column="tag_id"><generator class="identity"/></id>
		<property name="name" column="tag_name" type="string" not-null="true" length="50"/>
		<property name="count" column="ref_counter" type="integer" not-null="true" length="10"/>
	</class>
	<sql-query name="ContentTag.deleteContentRef">
		delete from jc_contenttag where tag_id=?
	</sql-query>
	<sql-query name="ContentTag.countContentRef">
		select count(*) from jc_contenttag where tag_id=?
	</sql-query>
</hibernate-mapping>