<?xml version="1.0"?>
<!DOCTYPE hibernate-mapping PUBLIC "-//Hibernate/Hibernate Mapping DTD//EN" "http://hibernate.sourceforge.net/hibernate-mapping-3.0.dtd">
<hibernate-mapping package="com.jeecms.cms.entity.main">
	<class name="ContentCheck" table="jc_content_check">
		<meta attribute="sync-DAO">false</meta>
		<cache usage="read-write"/>
		<id name="id" type="java.lang.Integer" column="content_id">
			<generator class="foreign"><param name="property">content</param></generator>
		</id>
		<property name="checkStep" column="check_step" type="java.lang.Byte" not-null="true" length="3"/>
		<property name="checkOpinion" column="check_opinion" type="string" not-null="false" length="255"/>
		<property name="rejected" column="is_rejected" type="java.lang.Boolean" not-null="true"/>
		<property name="checkDate" column="check_date" type="timestamp" not-null="false" length="19"/>
		<many-to-one name="reviewer" column="reviewer" class="CmsUser" not-null="false"></many-to-one>
		<one-to-one name="content" class="Content" constrained="true"/>
	</class>
</hibernate-mapping>