<?xml version="1.0"?>
<!DOCTYPE hibernate-mapping PUBLIC "-//Hibernate/Hibernate Mapping DTD//EN" "http://hibernate.sourceforge.net/hibernate-mapping-3.0.dtd">
<hibernate-mapping package="com.jeecms.cms.entity.main">
	<class name="ContentType" table="jc_content_type">
		<meta attribute="sync-DAO">false</meta>
		<cache usage="read-write"/>
		<id name="id" type="java.lang.Integer" column="type_id"><generator class="assigned"/></id>
		<property name="name" column="type_name" type="string" not-null="true" length="20"/>
		<property name="imgWidth" column="img_width" type="integer" not-null="false" length="10"/>
		<property name="imgHeight" column="img_height" type="integer" not-null="false" length="10"/>
		<property name="hasImage" column="has_image" type="java.lang.Boolean" not-null="true"/>
		<property name="disabled" column="is_disabled" type="java.lang.Boolean" not-null="true"/>
	</class>	
</hibernate-mapping>