<?xml version="1.0" encoding="UTF-8"?>
<beans xmlns="http://www.springframework.org/schema/beans" xmlns:xsi="http://www.w3.org/2001/XMLSchema-instance"
	xsi:schemaLocation="http://www.springframework.org/schema/beans http://www.springframework.org/schema/beans/spring-beans-3.0.xsd"
	default-lazy-init="true">
	<!--缓存-->
	<bean id="cacheManager" class="com.jeecms.common.web.WebEhCacheManagerFacotryBean">
		<property name="configLocation">
			<value>classpath:ehcache-application.xml</value>
		</property>
		<property name="diskStoreLocation">
			<value>/WEB-INF/cache/application</value>
		</property>
	</bean>
	<!--SESSION缓存-->
	<bean id="ehSessionCache" class="org.springframework.cache.ehcache.EhCacheFactoryBean">
		<property name="cacheManager">
			<ref local="cacheManager"/>
		</property>
		<property name="cacheName">
			<value>com.jeecms.common.web.Session</value>
		</property>
		<qualifier value="session"/>
	</bean>
	<!--内容计数缓存-->
	<bean id="ehContentCountCache" class="org.springframework.cache.ehcache.EhCacheFactoryBean">
		<property name="cacheManager">
			<ref local="cacheManager"/>
		</property>
		<property name="cacheName">
			<value>com.jeecms.cms.front.ContentCount</value>
		</property>
		<qualifier value="contentCount"/>
	</bean>
	<!--主题计数缓存-->
	<bean id="ehTopicCountCache" class="org.springframework.cache.ehcache.EhCacheFactoryBean">
		<property name="cacheManager">
			<ref local="cacheManager"/>
		</property>
		<property name="cacheName">
			<value>com.jeecms.cms.front.TopicCount</value>
		</property>
		<qualifier value="topicCount"/>
	</bean>
	<!--最后回复时间缓存-->
	<bean id="ehLastReplyCache" class="org.springframework.cache.ehcache.EhCacheFactoryBean">
		<property name="cacheManager">
			<ref local="cacheManager"/>
		</property>
		<property name="cacheName">
			<value>com.jeecms.cms.front.LastReply</value>
		</property>
		<qualifier value="lastReply"/>
	</bean>
	<!--论坛统计缓存-->
	<bean id="bbsconfigCache" class="org.springframework.cache.ehcache.EhCacheFactoryBean">
		<property name="cacheManager">
			<ref local="cacheManager"/>
		</property>
		<property name="cacheName">
			<value>com.jeecms.cms.front.BbsConfigCount</value>
		</property>
		<qualifier value="bbsconfigCount"/>
	</bean>
</beans>