<?xml version="1.0" encoding="UTF-8"?>
<beans xmlns="http://www.springframework.org/schema/beans"
	xmlns:xsi="http://www.w3.org/2001/XMLSchema-instance"
	xmlns:context="http://www.springframework.org/schema/context"
	xsi:schemaLocation="http://www.springframework.org/schema/beans http://www.springframework.org/schema/beans/spring-beans-3.0.xsd
	http://www.springframework.org/schema/context http://www.springframework.org/schema/context/spring-context-3.0.xsd"
	default-lazy-init="false">
	
	<bean class="org.springframework.scheduling.quartz.SchedulerFactoryBean">
		<property name="triggers">
			<list>
				<ref local="configTrigger"/>
			</list>
		</property>
	</bean>
	
	<bean id="configJobAct" class="com.jeecms.bbs.action.ConfigJobAct"/>
	<bean id="configJob" class="org.springframework.scheduling.quartz.MethodInvokingJobDetailFactoryBean">
		<property name="targetObject" ref="configJobAct" />
		<property name="targetMethod" value="dayClear" />
	</bean>
	<bean id="configTrigger" class="org.springframework.scheduling.quartz.CronTriggerBean">
		<property name="jobDetail" ref="configJob" />
		<property name="cronExpression" value="0 0 0 * * ?" />
	</bean>
	
	<!--BBCode解析器-->
	<bean id="bbcodeHandler" class="com.jeecms.core.bbcode.BbcodeHandler">
		<property name="configLocation">
			<value>/WEB-INF/config/bb_config.xml</value>
		</property>
	</bean>
	
</beans>
