<?xml version="1.0" encoding="UTF-8"?>
<beans xmlns="http://www.springframework.org/schema/beans"
	xmlns:xsi="http://www.w3.org/2001/XMLSchema-instance"
	xmlns:context="http://www.springframework.org/schema/context"
	xsi:schemaLocation="http://www.springframework.org/schema/beans http://www.springframework.org/schema/beans/spring-beans-3.0.xsd
	http://www.springframework.org/schema/context http://www.springframework.org/schema/context/spring-context-3.0.xsd"
	default-lazy-init="true">
    
    <bean id="dynamicPageAct" class="com.jeecms.bbs.action.front.DynamicPageAct"/>
    <bean id="bbsPostAct" class="com.jeecms.bbs.action.front.BbsPostAct"/>
	<bean id="bbsTopicAct" class="com.jeecms.bbs.action.front.BbsTopicAct"/>
	<bean id="registerAct" class="com.jeecms.bbs.action.front.RegisterAct"/>
	<bean id="casLoginAct" class="com.jeecms.bbs.action.front.CasLoginAct"/>
	<bean id="userPostAct" class="com.jeecms.bbs.action.member.UserPostAct"/>
	<bean id="friendlinkAct" class="com.jeecms.bbs.action.front.FriendlinkAct"/>
	<bean id="forgotPasswordAct" class="com.jeecms.bbs.action.member.ForgotPasswordAct"/>
	<bean id="bbsKeepSession" class="com.jeecms.bbs.action.front.BbsKeepSession"/>
	<bean id="bbsMagicAct" class="com.jeecms.bbs.action.front.BbsMagicAct"/>
	<bean id="friendAct" class="com.jeecms.bbs.action.member.FriendAct"></bean>
	<bean id="messageAct" class="com.jeecms.bbs.action.member.MessageAct"></bean>
	<bean id="imageUploadAct" class="com.jeecms.bbs.action.member.ImageUploadAct"></bean>
	<bean id="imageCutAct" class="com.jeecms.bbs.action.member.ImageCutAct"></bean>
	<bean id="reportFrontAct" class="com.jeecms.bbs.action.member.BbsReportFrontAct"></bean>
	
	<bean id="bbsTopicSearchAct" class="com.jeecms.bbs.action.front.BbsTopicSearchAct"/>
</beans>
